{"cameraMode":{"drawMode":0,"name":"Shaded","section":"Shading Mode"},"sceneLighting":true,"audioPlay":false,"sceneViewState":{"m_AlwaysRefresh":false,"showFog":true,"showSkybox":true,"showFlares":true,"showImageEffects":true,"showParticleSystems":true,"showVisualEffectGraphs":true,"m_FxEnabled":true},"in2DMode":false,"pivot":{"x":-7.269625663757324,"y":1.2800155878067017,"z":5.210236072540283},"rotation":{"x":-0.012748576700687409,"y":0.9512602686882019,"z":-0.30556413531303408,"w":-0.039689984172582629},"size":1.5093849897384644,"orthographic":false}